<?xml version="1.0" encoding="UTF-8"?>
<Configuration status="WARN">    
    <Appenders>
        <Console name="console-log" target="SYSTEM_OUT">
            <PatternLayout pattern="[%-5level] %d{yyyy-MM-dd HH:mm:ss.SSS} [%t] %c{1} - %msg%n"/>
        </Console>
        <RollingFile name="ucce-trap-log" fileName="UCCE_Log.log"
                     filePattern="UCCE_Log-%d{yyyy-MM-dd}.log">
            <PatternLayout>
                <pattern>[%-5level] %d{yyyy-MM-dd HH:mm:ss.SSS} [%t] %c{1} - %msg%n</pattern>
            </PatternLayout>
            <Policies>
                <TimeBasedTriggeringPolicy interval="1" modulate="true"/>
            </Policies>
        </RollingFile>
        <RollingFile name="icm-trap-log" fileName="ICM_Team.log"
                     filePattern="ICM_Team-%d{yyyy-MM-dd}.log">
            <PatternLayout>
                <pattern>[%-5level] %d{yyyy-MM-dd HH:mm:ss.SSS} [%t] %c{1} - %msg%n</pattern>
            </PatternLayout>
            <Policies>
                <TimeBasedTriggeringPolicy interval="1" modulate="true"/>
            </Policies>
        </RollingFile>
    </Appenders>
    <Loggers>
        <Logger name="ucceTrapLog" additivity="false">
            <appender-ref ref="ucce-trap-log" level="ALL"/>
        </Logger>
  		<Logger name="icmTrapLog" level="debug" additivity="false">
            <appender-ref ref="icm-trap-log" level="ALL"/>
        </Logger>       
        <Root level="info" additivity="false">
            <AppenderRef ref="console-log"/>
        </Root>
    </Loggers>
</Configuration>