<?xml version="1.0" encoding="UTF-8" standalone="yes"?>
<packageCleanSpec>
    <packageDir>probes/application/contact_center</packageDir>
    <logFileName>pre_install.log</logFileName>
    <filesToDelete>
        <filePattern>
            <pattern>.*</pattern>
            <excludePattern>.*\.cf.</excludePattern>
            <excludePattern>pre_install.*</excludePattern>
            <excludePattern>.*\.log</excludePattern>
            <excludePattern>archivedFiles</excludePattern>
        </filePattern>
    </filesToDelete>
    <filesToArchive>
        <file>contact_center.cfg</file>
        <file>contact_center.log</file>
        <file>_contact_center.log</file>
    </filesToArchive>
</packageCleanSpec>
